1,1811806451,2071235702,2593667548,1584339096,7026775230,2889923107,598536943.6,219248864.4,1130171328,412387295.1,2062736573,1789650461,5960108154,1918121881
2,1854013558,2309890845,2390526884,1766217351,8398742805,3346032869,609037704.3,386346773.7,1014443337,267544790.7,10893172359,3455858947,5082278189,2599657461
3,2192229755,1725524093,1939079172,1568489611,7670866084,4015739358,718778718.2,191591188.5,766539483.3,272069381.2,5207581104,3588493783,4558273161,1754901317
4,1107720341,1762196252,1991285124,1407806137,6719845880,2374598333,598862540.5,64975685.33,5853165197,319343507.3,1844395742,5699471674,17807476791,2446164023
5,1777220971,2605232630,2692821449,1478101134,6552665118,2880595678,468573011.6,514644059.8,992855947.4,2274922649,1413111327,570157493.9,10457546406,2701260021
6,1694764389,1896267147,2286034656,1251886420,7573070103,2556630468,1026252582,552660841.9,922064562.4,324717115.8,8394252402,1492400132,4702720370,1229165700
7,1671850183,1216337035,2046332237,1359410399,6956840921,1992587492,765860938.2,357298076.6,1021437728,941497024.3,12954614684,2044819801,4641064774,1362920009
8,2164897346,1361404717,1703879423,1412895107,5097374633,2129941912,573712210.3,405540980.1,793066574.9,247468453.1,7738476515,1661652105,4366195502,1329995725
9,1662366190,976395669.2,1523706937,1294227860,5004659343,2279141459,769852442,224375170,729311927.4,251765552.4,9116075060,1197511630,4169579468,1023755951
10,2571182185,1627852167,1774393656,1309918719,10563678419,1701413931,817609902.1,2167732307,644853226.2,422592843.4,9605652619,2469756063,7256358289,1111509965
11,2189506864,2292073455,2399925441,1470022670,9412932498,1863659848,612326793.6,251033889.4,1613295012,430379809.2,8256398393,1445801823,8093584148,994400177.5
12,2380045095,1308506347,2420569896,1431905211,7194829131,2314661506,1026228214,109723923.5,1622161655,358916053.5,15361269341,2157569639,6953140756,1512150892
13,4858812588,2074630612,2317212348,1924430547,4050013347,1988724244,1045495610,983618580.9,1700710928,470420903.8,17765034311,2470357706,5180726215,2800017299
14,3360816564,2481105994,1962987075,1558645950,4255996918,2548384382,597592865.6,304840602.3,1075279033,447681331.9,7340040564,1324319048,3890685946,1886372259
15,2600591142,2805685620,2136609731,1922478283,4213878790,2532866991,1055696303,164551359.5,1086136904,541532100.8,12086675309,1391535391,6607400214,4174529587
16,2945987987,2978312548,2256250228,2030259496,4259039087,2907036274,1366291622,99817108.29,1182980381,648524606.5,11564129089,1645079970,4277546055,1922153085
17,2795372326,2699342259,2740328825,2431332943,4968313133,3870126249,657133818.9,1033978096,1224053739,617503666.5,7565631357,2823596204,4423698069,1507198450
18,2943901536,3389436909,2530785771,2200849694,4882247909,2531064425,708189735.7,615675315,1077810705,725584094,11719289714,4254200820,7269402333,1301507735
19,3345778837,3112634334,2617749525,2395029232,4192650629,2449838615,604221583.1,124738213.1,1256705650,789124391.8,6733720941,4638607546,8666881812,1329669773
20,3685086321,3299923272,2583857908,2328973403,4553116290,2605527385,633458835.1,600740790.4,1013331280,781120582.4,2021984068,1850528420,3764490447,4062336446
21,3429727928,2817570686,3104014179,2984199031,4553084679,2793048867,704055382.4,1545399778,1077783927,660535478.9,3670707721,3816532927,3440004173,1270282200
22,4138943843,2420816246,2525776848,2459670832,4692415008,2638646681,767240756.5,164385879.2,1206807157,876226578.7,4031222866,2836338714,37342790726,1260789560
23,4786190650,2349861570,2389523429,2204487211,4156723015,2349208525,684384167.3,95688290.76,1015647729,604387595.7,2775152708,2571811787,7672117729,1151468846
24,5397197314,2505085194,3002132431,2076732501,4525095814,2525097229,573741402,3290593007,1152722418,766235451.7,7379759880,1179110593,4371928625,1416153990
25,3126415667,2428237465,2617282263,1984497306,4658026161,2394941268,111145713.4,1606111912,1179844034,467598644.8,3445010734,3722645972,3990244731,1520198738
26,3989664891,1421105649,2440282627,2142886672,4638825386,2802038016,58237194.11,170751207.8,1032721244,361446207.8,4536920981,7357931072,3727000025,1222127174
27,3241285747,2135074578,2751466079,1717163014,4464745306,2093298474,698592810.3,4234227549,1069080536,485309734,8632563345,2859856946,4313784826,1472054752
28,3067105601,3099330308,2104097305,2110599689,5148597532,2661165755,533567067.3,540559054.2,1009275025,560368588.9,6440266000,6006898314,4063986045,1470681770
29,2931301394,2845543325,2493429436,1775032014,4211717790,3114272682,531233411.9,664786952.3,2309627019,495213204.2,3414578153,23817812753,4246200647,11441019138
30,3864060945,2381737510,1903834893,1550040608,4199227970,2919875526,1329361401,192462144.6,1747177877,418175684.4,5928930585,2942960328,5077582295,1610364104
31,3035545189,2423422423,1644817066,1294397725,5686288913,3398580729,163708736.7,3262570097,1654783239,289068082.1,7087446238,1981543510,5731013793,1337990052
32,3071133088,2312488974,1851482788,1500662178,3829849768,2628607848,747893758.8,797907805.2,1522436744,289696585.9,8265617493,1974752549,6538307553,1355986429
33,2524519111,2223159957,1832207285,1080751221,3729124479,2396835108,516277913.7,127969077.5,1312813232,314856268.6,7262593131,3274878680,3882400802,1541249689
34,3214342469,2293947144,1532574042,964815810.8,3240415907,2169011714,858329390.9,1149332951,1104087071,351036844.7,3361952794,4804971322,4322766667,1738288637
35,2790387759,3093611187,1318603489,1170556723,4265709229,2529990094,544979088,589807763.9,1283765589,363035209.9,3539114974,2567153964,4307605155,1657369125
36,2781377962,2174308880,1300280100,1300205153,4349323123,2197395265,555821936.3,471802577.7,1220908957,540700459.1,4290706855,2534257168,4946013016,1221228088
37,2698255436,2612377472,1493521879,1065463884,3135655685,1956897276,519997460.7,1027129372,1053441441,775221742,3332676390,2245660574,4495598370,1074083169
38,2595979605,2779543943,1479206161,1248687367,4020412316,2400189468,602985982.1,276697808.2,920210928,464877928.9,4111778743,2814125560,4447926420,2321418847
39,2374483702,4959884512,1818937301,3346305089,4984420977,3770973228,561205735.8,163035409.9,1244498655,1177754412,9652812768,1068046103,5043996147,1585542170
40,3211984212,4176644423,2118581748,2981069126,9948214556,4331790673,525157508.4,935647739,943865199.6,1483526630,1915872934,1769474810,3915651081,1548319624
41,3650232049,4956649443,2224320698,3087578792,7107726155,5739134148,1524279633,672075737.2,1140402555,1289070204,2209976381,1682119477,4759425381,1367124368
42,2993944884,5189339308,2781837612,3767467462,6881254169,4947983824,583758741,116186624.7,1013421202,1286617310,1731433866,2293802762,3639089241,1228348310
43,4343152352,6004345110,3974014883,4391405259,7620966119,4606199754,636942765.8,1348033477,1135555521,1704932775,6924062863,2478635885,4850966374,1409386981
44,3852454217,7235779522,3182518293,5026308168,8277480157,5978974814,564177625.6,1026241352,949612475.2,1819604700,3722854213,1446031749,4372407409,1742070684
45,5508428637,6647104356,3087199969,5410210810,8189227885,6172212415,1158098979,2042003701,1586547334,1555047089,3168856358,4734237097,4692421575,1487236934
46,3115160291,6900618647,3466492571,4801945088,7041557895,6422484407,555832424.2,184197088.7,1872955180,2147728131,1569267705,998228812.3,4392719396,1314785387
47,3089884897,6734164369,3894063960,5004373347,7946077501,6514536259,598855635.9,647231581.3,1856418708,2433578953,3394694081,1721434015,6670794440,1435538105
48,3254412677,7370406199,2958102361,5267136444,11671642965,5301957333,602816621.3,374386475.8,1739136644,1636105555,6788789676,1277042793,5535949385,1434490626
49,2631498358,7373670445,4132501736,5027025239,10989210177,5196422461,485684343.2,119499691.5,2100587176,1619665905,5805130961,1396143139,4445143670,1320957654
50,2940709357,5249576799,3452000575,4901021875,10559164019,5600109413,578083455.2,1547846882,1543582218,1297264118,5338369992,1880260060,8493532364,1615324116
51,2839509733,3965268964,2684434471,4002960478,11605995303,8449470491,548765093.4,368863538.7,1115699150,1188240127,4575456244,1903190755,4273035027,3257068697
52,3432683823,4272999774,3774586863,3858899780,9794667953,11210518329,621520544,576914590.7,1696100819,985007513.5,3262974194,4718195491,4918332407,6018305459
53,4443721176,2978291161,2801609903,4132123550,9349637072,3511437502,53215017.91,94938653.5,883198870.9,1269168850,2941951581,6954025311,8087449709,1159948073
54,2032005637,2623155498,2571099345,2926375677,10623633463,3785921254,110486497.6,73959559.07,909916492.5,994337331.8,3159456585,2854970857,4701302679,1450730397
55,2019155650,2293804334,2799723961,3801349433,8823563871,3303701558,566993110.5,1156924053,1027555074,728108646.6,4199863269,3568192288,4585496486,1906687517
56,1908585456,2179124660,2702596894,3198477059,8161347329,3043995887,245795717,1325398066,887565162.5,850619671.2,8094728646,2051622247,4232613243,2513472779
57,1519484870,1637366782,2383490914,2340589211,10051183175,3143749121,514391299.8,1570149929,1027614306,456670725.9,6399841411,1829878185,4068029049,7592926241
58,4898432448,3071779324,2121491463,2413822842,9105817036,3573998475,441968513.1,858731596.5,2204973886,530679788.9,11162080524,4180025150,9805057714,1996080399
59,1392658339,1277391451,2063952241,2217040551,11091311383,3564368419,889847967.6,111666389.6,954306481.3,274299449,5454401858,1996126734,2824976449,2157769866
60,1261190599,2500837780,1640492586,2239325701,8953341951,4027082352,218011893.4,444017210.4,938010591,308628822.9,14191159208,2834339934,2423463536,1955640360
61,1178203883,1268597909,1822331691,1870068796,6574958890,3424834012,1658689289,143796386.9,1014784817,2913986018,4551808110,4546026738,5567733928,5840889567
62,1165511517,992146882.5,2052571219,1866278223,3826592837,3358042020,773998910.9,77896442.75,1020476059,210695081,5567442123,1986984588,1441168467,7836145492
63,3914638346,1108906982,1551012651,1776845894,3570670889,2665515684,661710449.7,470958379.2,1881773262,299435371,4839613544,2601938530,1678775045,1981927259
64,1921702510,1721791918,1714827313,1736290241,4190994327,3082541825,42420650.48,236376639.5,1267373837,645172172.4,5348372205,1886432110,2151686097,1223116011
65,1861685820,2313540180,1265983492,1761600617,4090644725,2638694322,612984407.7,346481445.1,885631302.2,405476344.2,5380493836,1987239901,3503167503,1519376864
66,1875536299,2104423942,1364536793,1747879945,3382068351,1717942460,594499472.1,555274433.9,680702718.3,718875996,3165541489,1802000464,1505791574,1349456550
67,1943618391,1524867576,1703716230,1786926118,3769842456,2186461561,462090875.5,360821054.9,993908819.8,378717596.3,5377329511,2247917769,1918511580,802790455.9
68,2741292991,3571983833,1807510266,3004385419,4958416707,3116613212,812146091,144349918.8,998524336.3,851787269.2,7531729576,2721451998,1829478145,547508280.5
69,2480531013,3773180212,1934197055,3394977880,7612591863,4573519290,453320094.8,2911579600,844839098.3,1126779489,13154708909,2374559142,1711893795,833523250.9
70,2723629985,5456876108,2886617256,5166065736,8092117158,5347961685,233593631.9,1504550256,2319105053,1799925020,11320237716,914224721.6,2276063857,1401473059
71,2385645365,5645621982,2594883519,4584301474,11300867343,5654592081,769314324.1,392251770.6,986895322.9,1669184802,10488515347,1644059310,1870011385,2233332583
72,2602677585,5867047174,2749874966,4748999526,8620998252,5944310272,1202612698,124023663.7,1088761930,1859124901,20571710830,3417064138,2974067898,2141405293
73,2354507150,6289317021,2937468520,5044177825,10380377069,6819403190,1035583105,678105541.4,899129694.1,1766708906,12776381504,3081265936,2364918653,2609930578
74,2782869074,6306443358,2896256577,5500685295,11647473834,5750224291,1374471427,1055545175,1521653377,1729463885,9446432618,1335701038,1739847589,1914648361
75,2377208764,6426388166,3459328681,6307335242,8094792647,5458104681,888721835.3,8246431272,1402825974,1565298372,12192140996,8404026083,2292450445,12536072161
76,3059850387,6618979584,3328762549,5119112319,9326255668,5417733128,69337629.4,6092187402,1458505594,1705148445,12679176223,2476234101,2271498181,3769736223
77,2546643652,6797376289,3091090074,4845029019,7986495142,5662824439,823754493.3,2203461400,1365404964,3777669495,11428554395,1497242884,9674852207,4246131630
78,2749971641,5546996087,4179922277,5106725450,7661483222,5433662001,58091626.85,180546027.6,905953962.1,1590795733,14189075435,1854505481,3198588124,3313605322
79,3823274843,5267462662,3156929269,4987592728,10825211759,4343831488,104705428.6,303350939.6,1024668644,1167540372,16767209723,2893490302,2149471130,3283177354
80,2590688451,4533801004,4240021744,3945903387,7450708624,3958164738,139537242.2,343567413.1,1001350935,1287497821,15973056609,1531999410,3901414246,2488047071
81,2052735307,3613447381,2626659247,3957611569,6400563354,3328050934,289830016.6,733037557.5,1106024946,981904797.1,12466800141,3112277316,2481189920,2100908213
82,2210424082,3425073360,2856641585,4205642863,4603562510,2695833101,842390576.9,330038315.3,1231998616,781055521,8057121022,3764809341,2184217367,1690993973
83,1983292443,3449215522,3439225531,4478300829,5520602622,2992824427,572254861.6,76316455.89,1139421775,1001399194,2692958437,4224934317,1940584052,2133303074
84,1739674069,2156520301,3094113621,4205433800,5088189202,2738319301,660275830.6,304086190.4,1243393443,694072339.3,11585808997,2386500285,2197587395,1742186886
85,1083122078,1887309643,3052020640,3676008629,5999209339,2316380930,581950982.8,40741250.38,1256272481,607119063.5,3776441265,1501833866,1479567173,1465838695
86,1129954578,1960083258,4081980191,3691186783,7305386567,2477424344,167744242.3,348495390.6,992974747.2,704082684.1,6729026009,2006394907,4149759067,1055742658
87,1084075471,2238765607,3887009760,2709066388,7886212370,2165142687,586886548,119073085.1,2201399665,569374690.6,5772811900,1670748759,6098317943,1473549191
88,996167412.8,1309242336,3876761052,2047711546,6422369149,2582819956,511479629.8,88058806.54,954503333,528340683.2,8108931767,4336612347,2337073390,1489750952
89,1588062237,1359781361,3689446477,1807741284,5886863584,3551108336,865250110.7,101129220.3,907669550.4,485457713.3,1697807439,6744044080,2189987428,1746165657
90,636711760,1428267073,3198028048,1568617635,4151178277,2131702251,395378437.6,104252912,793450654.4,514496514.2,8812477344,3083250819,2400652896,965896333.2
91,995967389.5,1190122852,2230071968,1693149598,6084212221,2147890956,659226755.3,932083485.4,1070087429,246671237,4968924668,3768287652,2618261568,1761073028
92,1071081521,1075514677,1751822029,1352982122,4374650834,1590028417,606210449.6,112633543.5,1387560939,152316477.6,2932721159,3043811891,2924996550,6344769092
93,1031855049,1164788224,1556582253,1733408857,5442986196,1584187234,569682867.7,198285763.1,988876874,366019583.3,2452613476,1392861268,2145717126,1167139984
94,1270696221,1603233002,1323515837,1919362059,4268726596,1527071039,844629479.4,79736735.65,841894856.6,545142976.7,8136596536,910977339.6,2195272644,11509162179
95,1433223061,1602942476,1904032234,1614466490,6052406636,1690473544,925274887.1,374277746.5,824559975.2,551276954.6,2689655219,1115221935,1792833316,1854209969
96,1140060523,2042370976,1708097774,2622109197,4562358109,2269229980,94176613.67,615944199.4,950428861.2,549824122.6,9433365843,1372039696,1686397093,856016462.7
97,1888035214,3769693173,1889210548,3263143914,4088970431,4098242611,759015650.1,78628746.78,800076547.6,1153971763,2880567559,5494326346,4933050501,4935774546
98,1909205482,3654569435,2550723560,3979714566,7000571948,3492414193,336438289.3,225598567.9,1606038268,1010322812,3096471271,4334567797,2144709985,1418886648
99,2094671930,5113585424,2737456733,3896484229,6833657252,3845576198,358358151.9,1641263985,1397861703,1384761266,3928160309,14593107408,4739116384,2247196486
100,2039854055,6240150259,3375710471,5442360726,5256412456,3803424926,162359030.6,667761110.8,869193869.8,1152642413,5923762224,2046547900,3026151894,2280647321
101,1968767484,6323528870,3329338716,5083994603,10721368480,4854714129,613256495.4,718978366.5,776476455.8,1380596912,3603152729,1408591609,5334170504,2740720219
102,2004069978,5858979291,2622863986,5162817640,5200184176,4684510703,546286466.7,471346828.2,905415246.2,1571927690,6191196834,3864701264,1404265806,3300463578
103,2249802078,6377477024,3305643977,5062059896,9468477546,5151847934,493994298.6,322258796.9,1256985434,1753411668,3854598813,1659090614,5282894655,2431769954
104,2439225162,6636316248,3256637396,4955670704,7292752126,5284265079,192294019.1,764910190.7,1174665880,1581136961,13214578102,3376316331,3910873773,2064333115
105,1961428905,7048717738,4428199293,4644636268,9068539114,5302801111,125685407.6,295933471.1,1541860757,2292488961,2059909279,19227321429,2285957272,5216617918
106,1847578152,7114743355,4113331831,4210970147,7415327197,6422589059,192240321.5,409831682.6,1188135968,1956031994,3191030488,5279849442,1923998694,3239445755
107,2536528240,6221958506,3673752766,4248602941,7261402670,4773729610,92824583.2,79531167.15,1308893074,1794758103,3848881395,12594935746,6843451543,14242427538
108,1629799119,4580979730,3756470690,3721662624,7139960438,5184791941,135932957.2,66551705.25,1185792823,1255219062,2401624988,11352224080,2354172609,16363091794
109,1509988526,4481467657,3447056518,3656169510,5352797060,4440889513,3327803054,70530707.96,1050705839,1203953613,2533197220,6340327098,2654691925,9488525221
110,2435833875,4011510189,3169260935,3604713133,4740518656,5110524988,5062425140,74569813.66,947905735.1,1082968311,8242313275,7201054634,2471842797,11134265908
111,1568747685,3502450718,3813474861,3370653286,4493147936,4715122355,273718967.1,45270333.48,999130856.8,912898184.3,2439942098,2231644660,2692574261,1798707428
112,1412718643,2463927576,3331393482,3406629509,5954386321,3618021618,838249415.7,5666718037,1055064099,1264078235,7896595374,7819437480,5868001255,6618975886
113,1421735155,2215911503,4141594397,2463221559,5440423200,2957970836,184884856.6,2658570556,1175255724,723898563.5,4905647483,4168281996,1998468153,6003089631
114,1651161127,1874683652,3005647192,2713786761,7250700003,3284280712,637985573.7,633394598.1,1244829381,751896046.7,5138439189,5262622501,4793323146,12869671607
115,1308716275,2556423638,3105687128,2816231371,5142815240,3384890330,610676625.6,883053570.8,1082407056,672017179.7,3740783279,4650708016,1706802558,7964833540
116,1071228820,1825646886,2742148836,1992237817,3515906263,2799164906,575419639.4,659510835.6,2558650946,477645426.1,9459715500,5338418287,1602519850,6028057115
117,1161448089,1939432655,2218733390,1920902287,5992839241,2998005143,472548906.5,600302760.6,1299020785,680342834.2,2973275841,6527153573,1969257761,6635065762
118,1798296332,1345037942,2324049629,1551466708,6311734437,4172274247,2409187183,611753117.5,1610351278,625862619.2,2619526540,4845920911,1528170416,4570963370
119,961828508.7,1146330482,2636921784,1859586597,4234007120,3611280777,540154308.1,108563144.8,1573179958,526460960.4,3322797528,3199309731,3612070469,1597841963
120,869293850.3,1729158986,2031621637,1765681494,4816485891,2586139136,586136692.4,627814954.5,1312451805,426933518.3,2166119470,2999851139,2758785214,1777535445
121,1404401940,1269750422,2012100377,1158584568,4953942661,2567036071,472954274.1,8902907991,1278780853,484109537.3,1476905361,2646221209,2217892356,1710903511
122,2470459862,1754472550,2019748006,1540462326,5517458602,2629148595,427568062.2,1323286396,1246554030,361806021.9,3901795141,1719158850,4200937694,2709447264
123,1224169093,1232711873,1467103542,1104283943,4067483282,2323074741,657131757.7,3080115674,1275755957,422688142.8,4569993688,1343616470,7414850204,1583455282
124,1363325118,1293956268,1722584354,1562770323,4116880796,2527663431,256201515.9,960114837.4,1438797510,598013287.6,2813205384,4864629460,3595698362,2218823317
125,1400733986,2490551856,2126653626,1907101759,5090557701,2846247424,1591604281,377638808.1,1452105145,790661426,2074489039,2769552923,5024236025,1297952637
126,1739774964,3735649395,2860433194,3306966029,4655756396,5183818692,631343500.9,915594611.3,1334235329,1385013038,2041968819,2883609112,4313814862,2216905704
127,1926392638,4289518732,3199393519,4282433787,4589274143,4275086559,670338824.2,357966047.5,1395446563,1375600882,2395900448,2597134631,3722368194,1110237147
128,1820768266,4649132113,3434794762,4443734504,5251202785,5254884595,613446304.1,138844785.9,1553104779,1290290662,4276453746,6244203328,5063386148,2175701020
129,2995010074,4878168431,3995279821,4380928724,5889877735,5022326345,786295033.7,253813101,1739473594,1525754403,6788103196,2580177204,3710057596,1712763148
130,2008670302,6197622307,3147303112,5284051473,6995334589,6359282331,746377433.2,158070441.5,1470717694,1731838324,2043454351,2050144555,3975779468,2224199473
131,2151221946,5988267008,4189987378,5511419759,6242718781,5414986475,1329640012,389166937.1,1419587055,1585901180,5944553661,5388810655,4530286851,3361203259
132,1948036820,5633942853,4194061271,5796109254,5961745344,5218548232,584711261.5,65750016.18,1473309551,2761469643,1937184538,3729132935,3919823121,2839528286
133,2535861453,5782265627,4259857366,6176521984,5747557607,5704967969,1008064688,257731885.2,2032324135,2978327146,4427777536,1584509222,18206916912,4104422141
134,2058568104,6718903211,4550513211,5140335614,6862578628,5182417482,668005904.6,630048162.2,2588175425,1746713134,2572352772,2012962121,4269638152,3168044539
135,1976324314,5613480536,3922763843,4983988339,6867337210,5589392385,582296319.5,1538239587,2609294693,2095916310,4626424530,3794594124,3774823541,3076339251
136,4626568370,5572652124,4390860207,5405380046,7364059741,5040875964,1174202254,290728804.6,2299990514,1843037106,9473081543,2239652255,4544422234,2941963940
137,2351614061,4319914656,3967420681,5246356514,6337924209,4581216490,58008452.24,1388200946,1465641767,1515248792,2758960402,1898867401,4062290422,3939395915
138,3991238034,4168236291,3832820715,4372737732,6215812579,4053787744,148017946.6,74771102.12,1319815957,1123022149,2775315157,1198701725,4039208437,2842834111
139,2749062793,3408789656,3581664050,4250005273,6094828339,3322226250,105715645.6,40426804.66,1473258379,1175178137,7334247811,3198118424,4177233958,2412387140
140,1870372701,3098239127,3787681582,4273540050,5399943271,3630145951,215361238.7,403944348.6,1434274941,1007951378,2612847979,3215079930,7401454735,2955322883
141,1812117658,2364560049,3782071326,4105271348,5187717240,3796062629,610740515.9,238926069.1,1422339337,1025860672,2417880861,2659381805,4269095664,8561788770
142,3399311215,1868119056,3507324326,3309889297,4827461568,4195266795,841985092.2,603317481.9,1449970078,815338206.6,5160778299,1873863754,23120524028,5676024386
143,3571998794,1647074317,2585963648,2932291964,5170540878,3392064236,703573947.9,43097126.57,1238437714,654996803,2761189380,1950845188,5036095813,3642359556
144,2379798732,1630320902,3060033493,2728713603,3370840400,4230700844,595195136.6,203372186.9,1368150855,903657889.8,7283469531,3310086302,4036832597,3636127712
145,2630551110,1149571217,3872187198,1737865011,2997755975,3646687754,521008791.4,794227357.1,1729813665,769948349.8,4841709520,6272534894,4180753592,2709255546
146,3733957130,1613228210,2275725115,1513580595,3873806570,4158276081,594554645.6,261528114.5,1335656649,796484362.4,1531467179,5002094919,5412702789,3099134569
147,2529374779,915074261.8,2288371835,1619963066,2760529381,4008805051,719835377.7,1032164066,1325423340,880046556.2,2169199599,1585088524,4355789722,4829379077
148,2782458891,1465455906,2638799628,1767764817,2542761356,2580955309,634690171.2,790278330.2,1328297916,866804219.9,2475544751,2190714047,3906462884,7802181587
149,3190136337,1518011336,3022159677,2024240780,2647541737,3067880680,896462028.6,273826099.2,992591477.3,786179876.6,1837311956,1652949948,3731276045,2936111626
150,2821598942,1474134338,2467681636,1735103767,3367741966,2617317434,1032125033,71696234.01,1116215378,945902674.8,1329225197,829545832.5,4060027564,2738815796
151,3375456826,1283214397,1924276634,1741262422,3333132714,2768208033,398100650.4,863659815.5,1074672341,1019566197,1977818360,759338233.6,3960793513,3505394599
152,3265181599,1282187006,2149398488,1611381138,2622350294,2315836037,448950755.3,147829858.4,979483813.4,871828219.6,1539389296,1693723224,3204794955,5094115258
153,1505286372,1674152522,2054531503,1718051008,3553448185,2596816576,311038980.2,63111160.88,1098499116,1028406858,4564895903,1540186671,4306706893,3425682576
154,1644707960,3518808972,3060269376,2368789237,3396185952,3535160684,48166566.38,204556055.9,1206621665,972949564.7,1893689673,1092047464,3634502870,2584532447
155,1792288716,4188142445,2655503951,3505769862,5139908677,3784457213,2140787937,765772725.7,1104823098,1414785156,2336958793,1227315737,3612918246,4963657791
156,2059697068,4528028667,3177340616,4380320242,5607181394,4726312402,1937301695,1258044829,1183597172,1339104775,10170096324,2034488527,4787386128,9586110604
157,2753382358,5690629653,3292413374,4358028075,5573656775,6373753076,510041992.9,689103686.6,1072322958,1281631922,2680940500,1710690414,3958767136,3683085826
158,2611787512,5875675034,3845721962,5487901014,6233999150,5271819392,20916977.55,465878540.4,1190711926,1870486476,2442173146,5354857131,2918016857,3045009378
159,2341749761,7181712855,3824797675,4832470314,6379811542,6061257023,615964654,756870353.1,1164751486,2192894087,3011699143,3080023023,6227708805,3957655835
160,2466210485,5961680245,3301962381,4209771348,7869142174,6101802607,644644587.4,118663304.4,1134700768,2011871884,2566584038,2765147352,5168495333,3477097245
161,2365952789,6702596677,4169119124,5458599858,6953506010,6273680654,1271005923,262971636.6,1093412176,2014995292,3565135150,2790846985,4213052167,3586470910
162,2435092397,6810802538,4564119354,4287679125,8217056999,6259273968,621015624.4,186199233,1178124166,1772111745,1432959970,2857320014,4213864326,3541109031
163,2775502359,7077104725,4491344106,4914062319,7712686113,6464362870,540173086.3,236027144.2,1439848278,1962694004,3020229136,1176486100,4285528591,3485967433
164,2367598412,6900921715,4149129985,4740685395,10159247780,6864989599,593308819.3,209124794.3,933272970,1861415948,3239484098,1687324803,4467557245,3512290197
165,2201404235,6747028681,3373138554,3659904510,31596200991,6024113690,560122438.6,567180207.1,941949245.3,1723023665,7902132856,1968705069,8538894307,4381507105
166,2178659319,7869844646,3838610506,4915721735,4995913208,6229198670,702995139,660694215.3,1257471000,1462304184,2063972591,2123870135,6720306540,4046312402
167,2698222190,3816147662,3930593311,4554876952,4172350952,4957811927,565815284.1,585503890.2,1137402742,1188410758,2550409619,3538448263,4515387509,4317039447
168,1588721137,3241501178,3353054934,3784282731,4176173868,4671895270,669904391.7,530322906.3,973020569.5,1183485109,2155614664,3726753582,4669032602,4548231572
169,4935181057,3042812452,3116645198,3978104820,3871785139,3999283815,583152764.3,592123312.2,1117567133,1143863622,2672799080,6534041655,4078327120,4672715957
170,2971076059,2552795332,2908609800,3332408445,3683952424,4037200595,737205324.4,589335746.8,1011941985,1050032023,2671439015,11699196960,3840479648,3836800476
171,1258475523,2290991109,3195927173,3087158657,11810914206,4331950278,619792511.5,590047930.3,1036798862,1013487712,3742837899,2103355112,3778544078,3742623446
172,1898912889,1927343326,2994005305,2557183712,3693032066,4272795750,577900045.5,1832150515,966007465.2,741222005.9,2747095509,2639941153,3784278704,5440446850
173,1359007671,2221014496,2992357669,2064210874,4274068369,5973869818,1358333060,539994754.2,1007879879,889258243.2,4239412100,3433375876,4998199161,5142908043
174,1600495948,2222047439,2758196946,1939733393,3762371740,3597426620,505966932.3,1333561486,1060530631,1009262580,2771999789,4432959939,3902763488,6742112218
175,2586959522,1144042766,2549114896,2197388422,4145857631,4123927815,794406623.1,804076981,949114586.4,907016107.7,1585756933,2927961234,3522832952,6969224164
176,1958789293,1315720623,2091364729,1936559827,4278587133,4189217268,326885822.1,1322401273,1194786394,999218515.4,2065547243,2424169748,4953191161,6867787715
177,956890495.5,931552542.2,2730297654,1750190467,2706941353,3835209034,883722942.3,1116771691,1111789277,949093672.4,1774706911,2398947113,4613970896,5681086351
178,1284362612,1044669283,2657674064,2048767928,2952969696,4230951145,531063474.4,581273615.6,960011766.7,833294249.3,19090168308,9740129937,3882515569,5114976128
179,1074593778,1485051351,2143895092,1675974422,4498294393,4426897710,1339693082,1096273412,955938563.6,1221346301,6435451599,6749004951,4190982880,5377456836
180,1352449797,1082579043,2542594549,1687334451,3763096643,3916406110,547478472.8,597300053.9,1016905592,1152870103,1626679134,4229986623,1351904232,6200608758
181,1329841996,986171619.8,1990888981,1054434172,2821998537,3307677601,566254962.9,1139832663,831034449.5,894465093.2,3530540933,4039950959,1339020535,5496238282
182,1685478907,1657202149,2056381820,1142276268,2830286700,3379804628,832284043.8,584372450.4,1468112976,1001899721,1307863899,2353486928,1114281439,5843362193
183,1554160142,1400277998,2303758772,1199052858,3707943307,3193252784,1251522916,177589494.7,1446300176,752642521.3,1866588504,2154693473,1515732920,7027335519
184,1304183660,2325716152,2401344826,1164576440,3102456039,4963730293,550775740.3,502199784.2,938495050,564186717.7,1912244965,2988048255,1799354430,5488633565
185,1508209892,1946432858,4216749706,1619554094,4210656852,3412816405,1287615183,133057825.6,1775945541,774515279.4,1516742115,2611223223,4141456347,4936719971
186,4989389876,2279509181,3130712918,1503997828,3401561652,4283167385,607773366.8,943014885,863355249.9,800931427.2,1823752579,3103916524,3868067023,5944609495
187,3468097545,2402058973,3040267715,1766408276,3523596535,4133745303,1689276814,49861062.62,1430417443,4489594952,2203695962,2931593391,8280716198,5811053228
188,1617364112,2198606662,2915624602,2070336641,3632851592,3981353356,2048332119,147486323.6,806877037.6,783304425.4,4963046855,1594900605,7974705025,6242101156
189,1342386355,2536476001,3204848022,2076950554,3639614162,3998006128,599256513.4,607138137.6,1016175668,771184458.4,3415516897,1124644621,2346628535,5016298615
190,1536106082,2473207108,3668319941,2197891377,3681370539,4273098974,603809134.6,449938255.1,1040301926,826137725.2,10772778058,2165961951,3576393953,4968081307
191,1516613690,2587341294,3407965382,2048104387,3976637332,4017802231,581410464.9,339883255.8,1237659211,668428992.3,2412932180,1939145839,2318953341,3648583180
192,1456473321,2827481070,3316967731,2449430834,3869599323,4002181180,677850561.7,266084084.1,7629695636,765966989.1,7447062219,4253941188,2631575547,2846888346
193,1306571708,2438269604,2949500642,2822828940,4014986155,4285517098,638752182.9,260854054.8,996190734.7,818156419.9,1388601527,2728134993,2042343449,9271723028
194,1526746781,2111489412,2989000344,2431389310,3886853636,4242129620,726688624.3,220445392.8,1029850243,763898947.6,4408811992,1270829706,3018686376,8605919562
195,1521872384,2233176199,2725322539,3451291115,3070138091,3966766510,696719934.2,187446156.3,1086379628,750187400.2,7676685852,2568953540,2202013177,7792385856
196,1739386880,1696698599,2876439498,3137748858,3339479209,3785383662,663251681.1,624720557.1,1045179457,588545171.1,4997311190,6367941250,2322668599,8549837951
197,1442855617,1654306609,2915003400,2782239400,2718784080,3143495179,586329160.7,593490823.5,1051790900,501680860.8,4365861497,4171882279,1791639830,8566096232
198,1371402367,1730885504,2405226360,3314063644,3648334521,4076711578,552805580.3,456526456.1,1009360325,394578645.4,6739843533,4720021600,2799666070,8631148806
199,1648896742,1558781563,2864162812,2184861577,3124414972,3499461429,680118065.9,698257565.7,1113393456,528553834.9,6151690217,5930821663,2014178002,8896612086
200,1847477803,1255254523,2707866975,1676398634,3347805501,3625479287,602630779.9,871675470.5,1214850528,638621936.2,3672534984,6261145526,1822068014,9115516718
201,2685491569,1266777150,2819556995,1504896294,3879171710,3760693646,581086567.8,577135904.6,1123773149,511140623.5,4268495763,1377325328,4247229104,7880845157
202,1410718585,1772759970,2391787900,1400844923,3098883883,3856109025,691273617.8,107594383.7,2193343950,560256990.1,1896705273,887640083.5,2853075777,6613279031
203,1444268677,1385457396,2514117925,1581048509,4014872395,4026033125,585330159.5,53691306.51,1116955698,911281501.7,11302548551,7678926002,4393406205,7558136904
204,1292920803,1264285866,1558974445,1138113371,4134603418,4630881404,540017636.3,297354734.9,1029639482,1168451742,7873201087,683970014.2,2037177179,6732606883
205,1108970469,1227276681,1703277564,938307378.3,3757403371,3238173596,709378788.4,208796533.5,982966385.7,457348806.8,4704205443,892914212.2,2453990916,6514645650
206,1279992428,985801777.2,1575019870,954222599.3,3440877628,3061228952,550674866,175679308.6,1085386748,658601592.9,8660866982,8836829652,3318802142,8830909288
207,1171240915,924405647.7,1504183960,819751585.6,3148038366,2815756363,582433209.5,449714953.8,997799221.2,433382383.5,5671450178,3300242398,2826050113,9569903808
208,9439456566,1625427692,1333866951,1106988943,3826181811,2732437565,551148618.9,100808586.6,1177771951,767049694.2,3268706832,4295220036,2369328888,9942447559
209,1098468239,1512621341,1236929206,1091523800,2132798015,2618817016,1565514134,104262488.5,1054304140,544059060.9,5658059163,4124570358,17783365296,8482851209
210,1391916837,999888768.9,1619872061,896003773.9,1392371383,2416506074,553064045.5,35307895.89,1002600535,745236859.1,1919501805,1679566303,2104640914,5771155955
211,1345929380,703872150.9,1686281107,607600650.3,2391192880,2581868501,613770663.9,28567220.63,1522857439,598127881.7,2298511213,1297209624,1868499604,6293350922
212,2112312138,795614588.2,1285699557,933464043.6,1809976813,2875953945,618658653.3,28890007.29,1257324352,409865226.9,2614213768,4014257708,2859494773,7205367143
213,1053481831,908285673.7,1839943659,1177539453,1909167614,2675285872,680648996.7,31026786.25,910022173.4,378050377.2,1148309204,529041825.5,1475710850,1605020073
214,1378533388,1322040599,2440039861,1379429076,1913239859,3049479769,634459484.4,293108697.6,1127801877,850722898.8,5591228864,5205289424,2777299881,3689086951
215,1373331251,1664059859,2566009323,1312241534,2033220773,4136979230,599682524,32250548.34,1035797376,764967439.6,6915847971,721355580.7,1120932510,952173169.1
216,1484075080,1800097193,2334024492,1595654617,2232015694,2950971213,1614609899,41406063.58,8391788446,810958159.3,1500391556,2247859463,1688626208,973976751.6
217,1595651576,1824439452,5351705904,1657892477,2500777295,7737847577,629324063.6,50014150.75,918769876.1,707118134.3,3616623378,2713669277,1151982677,1825019223
218,1554253301,1937139208,3685597728,1328774765,2958908727,10282089348,612960589.9,167650861.1,1521842229,784211025.2,12747935544,1492472151,1271733978,1494718183
219,2820011140,2264908401,4378971862,1588203482,2618874448,3575948783,817655209.7,102217523.1,1112791386,584420150.8,1501361492,2385892889,4097686943,13932503555
220,1947576825,2458679282,4600207578,2641831893,5593214690,3223586759,674047466,749583685.6,1378528207,569707353,2780269029,2300704317,1075535513,946687433.8
221,1815205042,2331548991,3247664665,2586145849,6170309701,5871746221,1455422331,2435404392,782587325.3,466160123.7,4057059867,2844746357,3600455371,2426229839
222,4948262443,2197917021,2786783554,2484040760,5925134759,3496574723,553885716.2,532632878.2,768567241.5,617073944.4,2046173390,2024793429,3646235042,1317487774
223,2267233836,8516289442,2669622486,2309425947,6167445685,3691893408,981127523.1,76815353.59,927532776.2,4355052601,3807739682,1750192583,3234827171,1198809914
224,2341288150,1946565792,2492786258,2524040081,5727159536,3471076580,597043662.1,334410524.6,1058431669,477644343.4,3361290983,5032259811,3549659749,2033653672
225,3035778842,1848782336,2298033211,1846725203,5737209693,3040018153,557170992.6,102793242.7,831774483.4,720251261.2,2724264306,4358601280,3917964799,1544520456
226,2105288427,2347577022,2938932796,1828157879,5376099628,2847131909,563509895.1,406775513.7,746911831.9,701940312.7,2928558748,3442796284,3448799849,1649636767
227,1842068914,1857220533,2739253589,2056090383,5357574290,2917568049,880755037.8,107401642.8,870975296.2,742160819.4,1407455213,2937142073,3989726872,1150489214
228,1709151894,1595155953,2533123427,1718175924,5907710497,2669462820,1155303830,250471222.4,837904563.1,710790992.6,4710334876,1208370082,4283359996,956600678.1
229,3092517240,1729526968,2294006318,1482244768,2758939843,3097573755,606851796.1,103497060.1,629368069.9,604460402.2,5335891960,1500282900,3540269331,1293848156
230,3243238017,1906938295,2367078218,1279123540,2600973134,2726232944,953585401.5,263166800.9,868742819.5,842450832,2604154190,1001282968,6075742820,2973842525
231,2793788311,1350473840,2630411324,1133377211,2889225000,2821863112,775945557.9,638888181.2,2315034875,843508727.1,9308916737,2609014817,3910416541,1339278023
232,2822695528,1105842824,2091497706,1245380318,3992365550,3674894321,584336198.3,1161729467,1035109231,513010688.5,10244018593,4133086397,5047907178,1129969044
233,1117760008,1132961105,2366092537,1078842656,2406788396,3230183336,527370104.3,290957295.9,1002745538,416619724.4,8941659854,530190972.9,4378951391,987554344
234,1105070224,906819970.3,2336938409,1049472931,1869372229,2336886063,687956765.2,67817647.12,905184973.7,444239262.7,10119084502,976531788.3,4301123633,874803478.2
235,1719056745,685505596,1807727539,1086564465,1876559898,2053421424,579330470.8,1234280439,1119339572,490629029.1,8885944045,5411989572,4489121676,1096657772
236,1524742236,932033115.6,1513174551,857894667.6,1831014458,1498427432,517869233.2,60393250.04,926008536.9,420526662.3,12287087863,1132656519,4575759768,1197887357
237,2806070815,1395365535,1424624546,1162701591,2613813729,1409634703,2516582668,627515798.8,802282695.5,462780275.7,7998126290,3192444550,4187917789,893253351.5
238,1592557243,1864295917,1324312797,1446430778,2569961862,1528188430,1114932112,39915260.91,1019183634,620815054.6,9451728838,1188553012,4811696464,759729786.7
239,1652979153,1354044195,1615292394,1481084118,1994926396,1325753362,569814076.4,166709395.7,1047420043,492441583.8,6661574471,1687350209,4633991804,690448440
240,1348275420,2066721250,1645238872,1595596811,2661924598,2053207493,501406743.7,112322207,1089455378,830878478.9,5551150801,2595863686,3448649772,1338307378
241,1942142762,3739113588,1644618648,2502076118,4196108762,4408781419,787181316.4,76548149.74,781002706.2,1146624608,7733683332,1880188005,3352941247,1486254348
242,2148478023,4376265185,2415286402,2894559787,4597572939,5128305037,576075597.6,235450853.2,1334037856,1060174536,4682819940,2453470956,3352827465,1496254234
243,2299969543,5028471636,3025478389,4411122248,6101241672,4956386839,1103302743,57770949.02,906790647.6,1358537938,12199624717,966276098.5,4004523634,2582644495
244,3026053221,5588487617,3783956804,4361960647,6396123436,6788594319,450020186.7,260297974.3,1102844512,1618621626,8878340311,931224899.3,3752452845,1606472296
245,4254071100,5789538369,3127953768,4622254274,6927108222,6431819026,1290350859,48544758.71,765058137.9,2190211541,9857496000,915534806,3823910838,1660103065
246,3941583610,6465776244,3179303996,4990703257,6195195316,6452572390,138136952.2,47667683.86,1130913330,1729626375,5394503791,373994641.9,4114080225,1665478325
247,4316734587,6587563482,3463014456,4995284501,5936579589,7103067622,249851566.6,39199750.81,1114362694,2055442677,6029633847,709461066.7,4512863832,1544468027
248,5714949681,6213903215,3563203164,4766897269,6171945710,6756380355,374849482.5,49000864.91,1253725193,1878596128,8833225194,1553805925,4490074579,1998428977
249,5572825884,6125775409,3716501568,5212644308,10081048923,6485874568,787321905.8,1004723729,1379373652,1791661341,12724287709,1776276441,4054274602,1221844931
250,3191453172,6204332743,3379763005,4703455899,8485062890,7971638553,159545354.5,296709201.6,1071699519,2521480768,14756258728,4085357677,4340038406,1616090417
251,2445288536,5727961748,4089711795,3648357732,8528720847,6563843582,107432880.5,310128568.3,1141678492,1801489027,8563879190,2812126741,4114343199,1682634729
252,2143982236,4875185457,3736210337,3626312362,8764869440,6269865080,161953635.9,71611437.49,1228605773,1834288007,9367175005,2696695796,4445033379,1374134796
253,2126853253,4071374953,5581583733,3275057202,6735467482,5741257230,145240377.2,59860260,985371545.8,1467645065,6422403444,2767587489,4849708289,1024383418
254,2368731745,3075846512,3863189481,3235888582,7607348582,4915394528,63518447.23,290380260.6,977828548.8,1471809389,8505199595,2449660992,4300543413,1168449372
255,1976708405,2515451092,4214032051,2472497388,7698947832,4647461546,553037305.3,142005601.2,860555771.8,1043185223,6855532645,1499492322,5148879200,1853346571
256,3440820869,2895649359,3613392441,2319989999,5936361097,4773089290,580038605,35226967.51,847110671.3,1034089424,5260565455,2763760871,6519856437,1211158258
257,1904024468,2498666284,3838471131,2417127124,6067150984,4951660989,527689305.7,35124934.33,892709353.1,606739747.8,8639176810,1998934619,4254181276,2187330948
258,1680061532,2086189095,3180843075,1876568777,3993334444,4961504121,539948301.1,146480245.1,801732083.3,538098397.8,11507683801,3360010615,3382179101,3213203140
259,1218896821,1557012056,3004508509,2247424122,3807983103,4913038259,654920664.1,54179767.26,887200583.7,606011944.8,5813430420,3396876464,3425569747,1740207804
260,1275572310,1550844238,2868674589,1954262696,3646910912,4840046810,611495440,286965507.8,2197584054,594776852,5183569665,2413483229,4939604264,1345094565
261,1137764462,1359712681,2371115982,1676770343,5065307177,6421147645,538763431.5,76069064.75,928126142.2,469694945.1,10378329360,2083109792,7997381215,1728265857
262,2477990276,1369558300,2406761459,1435674486,6179265033,6410071203,562294383.6,358185535,909315018.9,983349899.7,6667882272,1784698836,5283827566,1541305886
263,1081730764,1447689351,2601835029,1403069823,3319948850,4856264883,599267724.1,38304288.32,974499309,491668651.8,1781647043,1394001066,4434653662,1798204180
264,1185020792,996220960.8,2352685720,642337890.1,2549107360,4464793015,604091826.4,28611474.03,1030639146,681186338.4,8031398700,1862250913,3669143647,1664991578
265,1517482376,1040555305,2105206518,778866966.5,3168597157,3852481721,661607279.8,144048938.6,918773388.7,522540208.8,3523581706,2920645354,3672675332,1562523583
266,1662975271,1036684530,1544564935,650384359,3743475446,3439978635,631815690.1,148853047.6,924379051.4,429306544.7,1528652869,883902215.4,4414781555,2450838144
267,1537732086,1980692362,1639004603,581663181.6,3102526709,2985556048,1261176829,29280258.07,1028345761,809454762.3,909272288.3,977293056.3,3870989570,1281755394
268,1465759335,2296897435,1617667823,598118071.8,3525435104,3087076631,84746736.71,47270014.49,847375055.8,505014184.8,1277163270,1397716074,5185372094,1090475644
269,1615203222,2139203809,2163689177,905475950.6,5377223192,3152373418,8227561331,304439003.9,1036422605,819143063.3,2357733513,8425414000,3839654700,10101515804
270,2538348682,3367002016,2026018322,1896379338,4754452490,4380773943,8842239265,183928717.6,887793307.3,1396280660,692641787.2,6218666320,4274327902,10478381126
271,1980153105,3579349464,2345839403,2915575079,4679067844,4547145099,702032328.2,4812855936,970695272.9,1485132793,6108592432,12705851365,3788832273,1852406962
272,3695797088,4944504854,2823803972,3733081388,5338702366,6018052443,42793163.67,136510784.1,1244540604,1571350729,2136274251,1852453058,9627929215,1284277867
273,2302502889,5253294143,3019589803,4832473525,5242538029,5537903229,651572828.9,1113930304,1770024860,1505037860,1833670120,7393395055,3533794913,17935346328
274,2476815860,6292520855,3152234030,5850338147,6352467339,5411819592,54641480.26,1269805613,1627691404,1606027531,3413031346,2175926879,4924294277,4787094814
275,2766587777,5789651593,3006279401,4834525873,6850272504,5721047232,309259572,332403341.6,802981532.9,1390131576,2213198930,20031341771,4354972445,16741101372
276,2733436271,5766143147,3715835687,4190110000,7702445861,9828242640,161020388.7,745355003.7,1069348546,1586943926,1902331030,2863099322,4424215753,1251565253
277,3925134760,6318736800,3377382191,4378078796,7854127386,6875783568,186700063.7,78017785.98,1173551804,1450509954,2086595060,3253921274,4926343230,1726935067
278,2708396720,6454388286,3799532954,3890259167,7870132145,5418630038,753849943.7,85115372.09,1096792635,1477376438,2671186925,15898647616,4838307330,2473421674
279,2471811307,6079534020,3239211032,3076548592,8326224337,5448218594,1790361716,115167529.9,1253917669,1488483005,1641730321,2474189484,4773695130,3108640636
280,2498928953,8872402493,3986033556,3538225310,7043483315,5410317017,245332719,81033885.99,1122840823,1639088250,1568942658,17652235443,4852834102,2086705692
281,4475467539,4794381229,3172926048,3722483283,5379635093,4841751687,107498502.6,60034652.44,1069441685,2048293111,3840214570,1095199598,5100341454,895716784.8
282,2077498987,3698838688,3057806499,3312346016,4958656784,4897487116,298302624.3,36524457.49,1330942016,1275864529,8162656774,22329389182,4927109018,10189412701
283,2159780796,3154200563,3775763800,2923817695,5859771290,4308456340,196447421,41570147,1120684193,1335161811,5503364438,3207529313,7724257240,1201385953
284,1714132651,2644705783,3365421871,2492253593,5523721088,3216748256,142715976.9,38048324.32,1179477225,966021181.2,7189263310,1629178297,4813825321,1402463021
285,1663877691,2344871466,4220200581,2660201645,5901086530,3321866015,636508940.5,34020399.35,1075699902,1275553723,8152405279,2201326131,2713681355,1695234056
286,1644977695,2524527576,3674356344,1789324036,4452082704,2298479687,709370743.4,143850674.7,1022445018,819275671,2526680563,1667819791,1781443572,2384710151
287,1528385643,2058269641,3707723539,1274568989,4905118919,2838359495,1417662152,218923423.8,1051646514,895205735.5,9940992044,4798440958,2278967936,1414518856
288,1674078694,2144375345,4402121339,1718632556,4342712824,4210766135,587560143.4,305182879,1029012970,872010029.9,6285788658,7998553445,2278206032,1995422628
289,1404427560,1804588912,4069253779,1669504203,5626308784,3906939591,568776491.6,171260878.3,1942645040,666494153.6,5573090322,7785969118,3113067020,1498899887
290,1430930318,1726389630,3513943627,1471980058,5298346160,7399455968,559173483.9,530543422.3,1088992418,585634301.7,5316675969,5367009994,2527989515,1656435090
291,2024215776,1751186780,2386742674,1036836984,3432092264,6752319354,701477108.9,107217880.6,1139946455,680720911.8,6053501025,3688985217,2458229058,3424391211
292,3213623350,2068131027,10521880345,1459843920,3302342615,11576026002,581536750.1,793846503.5,1089352268,604283598.6,3721123641,3763505227,2199855353,1424565374
293,1507878976,1902978104,1986270216,1823810022,3268988944,2553410419,588422286.7,430197839.9,1026571791,636130169.8,6046531341,1347764767,2778780541,1505470663
294,2171755343,4094910581,1678857546,1225421151,6111608617,3978872073,632638212.1,88856517.63,928102996.1,489339660.5,6160297147,3656611798,2634048177,5632022417
295,3199844579,1597415998,2386959136,1614603478,4304599236,6969803762,621075646.5,215670224.4,1050591554,677097577,5368701777,7808464851,4593062110,4129894400
296,1649172745,2778362618,2438877690,1019379796,4116347345,4555802481,512365740.2,47627271.15,1005392397,651527029.7,4387488710,2080595365,2417902772,4364287948
297,1390036339,2558271104,2012952365,1131718742,3696877641,3885065578,1689478393,40018153.02,1051522022,598497814,2209293789,2664256924,2443578526,2081770873
298,1905252014,4220446592,3305369358,2287464087,4302476109,5600070599,632966540.1,447287322.6,1051956645,951900404.7,7066611600,3180745877,2119591404,2469518244
299,2129815980,5764163122,3714581602,3186442302,4205299301,6140052405,746200919.7,267619887.4,1087967933,1392278089,7505053431,2261226016,1968098885,3435547882
300,3785458573,4913379856,3713986641,3230717946,5917556452,6740191725,600431915.8,745577246.7,1075596232,1395555874,5987031162,2688592135,3017321273,3137905129
301,3062286213,6210843883,3854290071,4465510399,6156863401,6038314538,1248950296,68574154.11,1081045358,1459193781,6410164557,1531675953,6023996516,2243178990
302,2860712446,7384688058,3526323557,4113600114,5722737020,6848824654,585728617.5,564321488.5,1607269577,1768299915,8094209185,2559480272,3006126295,1532091355
303,2755126363,6997011640,3230936547,4005934841,8348489634,7411343693,750142944.7,48117114.61,1684740370,4775878344,6529027211,2269871550,3190459885,1944358542
304,2930637750,6990333028,3381230879,4168507833,7645797595,6846276224,715013280.9,480481771.4,1947028761,1908850364,6458769297,1817468361,3650144985,1749560182
305,4131779356,7546422316,2924582648,5107275564,6515152081,5906487771,612605807.2,44666814.3,1673442505,1884662003,8010178665,1372004632,3488372170,1309245714